{
    "type": "minecraft:block",
    "pools": [
        {
            "rolls": 1,
            "entries": [
                {
                    "type": "minecraft:alternatives",
                    "children": [
                        {
                            "type": "minecraft:item",
                            "conditions": [
                                {
                                    "condition": "minecraft:match_tool",
                                    "predicate": {
                                        "item": "minecraft:shears"
                                    }
                                }
                            ],
                            "name": "minecraft:dead_bush"
                        },
                        {
                            "type": "minecraft:item",
                            "functions": [
                                {
                                    "function": "minecraft:set_count",
                                    "count": {
                                        "min": 0,
                                        "max": 2,
                                        "type": "minecraft:uniform"
                                    }
                                },
                                {
                                    "function": "minecraft:explosion_decay"
                                }
                            ],
                            "name": "minecraft:stick"
                        }
                    ]
                }
            ]
        }
    ]
}