{
    "type": "minecraft:block",
    "pools": [
        {
            "rolls": 1,
            "entries": [
                {
                    "type": "minecraft:item",
                    "conditions": [
                        {
                            "condition": "minecraft:block_state_property",
                            "block": "minecraft:black_bed",
                            "properties": {
                                "part": "head"
                            }
                        }
                    ],
                    "name": "minecraft:black_bed"
                }
            ],
            "conditions": [
                {
                    "condition": "minecraft:survives_explosion"
                }
            ]
        }
    ]
}