{
    "type": "minecraft:block",
    "pools": [
        {
            "rolls": 1,
            "entries": [
                {
                    "type": "minecraft:item",
                    "name": "minecraft:carrot"
                }
            ]
        },
        {
            "rolls": 1,
            "entries": [
                {
                    "type": "minecraft:item",
                    "functions": [
                        {
                            "function": "minecraft:apply_bonus",
                            "enchantment": "minecraft:fortune",
                            "formula": "minecraft:binomial_with_bonus_count",
                            "parameters": {
                                "extra": 3,
                                "probability": 0.5714286
                            }
                        }
                    ],
                    "name": "minecraft:carrot"
                }
            ],
            "conditions": [
                {
                    "condition": "minecraft:block_state_property",
                    "block": "minecraft:carrots",
                    "properties": {
                        "age": "7"
                    }
                }
            ]
        }
    ],
    "functions": [
        {
            "function": "minecraft:explosion_decay"
        }
    ]
}