{
    "type": "minecraft:block",
    "pools": [
        {
            "rolls": 1,
            "entries": [
                {
                    "type": "minecraft:item",
                    "name": "minecraft:flower_pot"
                }
            ],
            "conditions": [
                {
                    "condition": "minecraft:survives_explosion"
                }
            ]
        },
        {
            "rolls": 1,
            "entries": [
                {
                    "type": "minecraft:item",
                    "name": "minecraft:brown_mushroom"
                }
            ],
            "conditions": [
                {
                    "condition": "minecraft:survives_explosion"
                }
            ]
        }
    ]
}