{
    "type": "minecraft:block",
    "pools": [
        {
            "rolls": 1,
            "entries": [
                {
                    "type": "minecraft:alternatives",
                    "children": [
                        {
                            "type": "minecraft:item",
                            "conditions": [
                                {
                                    "condition": "minecraft:match_tool",
                                    "predicate": {
                                        "item": "minecraft:shears"
                                    }
                                }
                            ],
                            "name": "minecraft:fern"
                        },
                        {
                            "type": "minecraft:item",
                            "conditions": [
                                {
                                    "condition": "minecraft:random_chance",
                                    "chance": 0.125
                                }
                            ],
                            "functions": [
                                {
                                    "function": "minecraft:apply_bonus",
                                    "enchantment": "minecraft:fortune",
                                    "formula": "minecraft:uniform_bonus_count",
                                    "parameters": {
                                        "bonusMultiplier": 2
                                    }
                                },
                                {
                                    "function": "minecraft:explosion_decay"
                                }
                            ],
                            "name": "minecraft:wheat_seeds"
                        }
                    ]
                }
            ]
        }
    ]
}