{
    "type": "minecraft:block",
    "pools": [
        {
            "rolls": 1,
            "entries": [
                {
                    "type": "minecraft:alternatives",
                    "children": [
                        {
                            "type": "minecraft:item",
                            "conditions": [
                                {
                                    "condition": "minecraft:block_state_property",
                                    "block": "minecraft:beetroots",
                                    "properties": {
                                        "age": "3"
                                    }
                                }
                            ],
                            "name": "minecraft:beetroot"
                        },
                        {
                            "type": "minecraft:item",
                            "name": "minecraft:beetroot_seeds"
                        }
                    ]
                }
            ]
        },
        {
            "rolls": 1,
            "entries": [
                {
                    "type": "minecraft:item",
                    "functions": [
                        {
                            "function": "minecraft:apply_bonus",
                            "enchantment": "minecraft:fortune",
                            "formula": "minecraft:binomial_with_bonus_count",
                            "parameters": {
                                "extra": 3,
                                "probability": 0.5714286
                            }
                        }
                    ],
                    "name": "minecraft:beetroot_seeds"
                }
            ],
            "conditions": [
                {
                    "condition": "minecraft:block_state_property",
                    "block": "minecraft:beetroots",
                    "properties": {
                        "age": "3"
                    }
                }
            ]
        }
    ],
    "functions": [
        {
            "function": "minecraft:explosion_decay"
        }
    ]
}