{
    "type": "minecraft:block",
    "pools": [
        {
            "rolls": 1,
            "entries": [
                {
                    "type": "minecraft:item",
                    "functions": [
                        {
                            "function": "minecraft:copy_name",
                            "source": "block_entity"
                        }
                    ],
                    "name": "minecraft:grindstone"
                }
            ],
            "conditions": [
                {
                    "condition": "minecraft:survives_explosion"
                }
            ]
        }
    ]
}