{
    "type": "minecraft:block",
    "pools": [
        {
            "rolls": 1,
            "entries": [
                {
                    "type": "minecraft:item",
                    "name": "minecraft:nether_sprouts"
                }
            ],
            "conditions": [
                {
                    "condition": "minecraft:match_tool",
                    "predicate": {
                        "item": "minecraft:shears"
                    }
                }
            ]
        }
    ]
}