{
    "type": "minecraft:block",
    "pools": [
        {
            "rolls": 1,
            "entries": [
                {
                    "type": "minecraft:item",
                    "functions": [
                        {
                            "function": "minecraft:set_count",
                            "conditions": [
                                {
                                    "condition": "minecraft:block_state_property",
                                    "block": "minecraft:polished_granite_slab",
                                    "properties": {
                                        "type": "double"
                                    }
                                }
                            ],
                            "count": 2
                        },
                        {
                            "function": "minecraft:explosion_decay"
                        }
                    ],
                    "name": "minecraft:polished_granite_slab"
                }
            ]
        }
    ]
}